<beans xmlns="http://www.springframework.org/schema/beans"
	xmlns:context="http://www.springframework.org/schema/context"
	xmlns:xsi="http://www.w3.org/2001/XMLSchema-instance" xmlns:jaxrs="http://cxf.apache.org/jaxrs"
	xmlns:http-conf="http://cxf.apache.org/transports/http/configuration"
	xsi:schemaLocation="
		http://www.springframework.org/schema/beans http://www.springframework.org/schema/beans/spring-beans.xsd
		http://www.springframework.org/schema/context http://www.springframework.org/schema/context/spring-context-3.0.xsd
		http://cxf.apache.org/jaxrs http://cxf.apache.org/schemas/jaxrs.xsd 
		http://cxf.apache.org/transports/http/configuration http://cxf.apache.org/schemas/configuration/http-conf.xsd"
	default-lazy-init="false">


	<import resource="classpath:META-INF/cxf/cxf.xml" />
	<import resource="classpath:META-INF/cxf/cxf-servlet.xml" />

	<context:component-scan base-package="com.demien" />


	<jaxrs:server id="myServices" address="/rest">
		<jaxrs:providers>
			<bean class="org.codehaus.jackson.jaxrs.JacksonJsonProvider" />
		</jaxrs:providers>
		<jaxrs:serviceBeans>
			<ref bean="testService" />
		</jaxrs:serviceBeans>
		<jaxrs:extensionMappings>
			<entry key="xml" value="application/xml" />
			<entry key="json" value="application/json" />
		</jaxrs:extensionMappings>
	</jaxrs:server>

    <bean id="testService" class="com.demien.cxfspringrest.service.TestService"/>
	

</beans>
